house_name,sale_status,house_type,house_address,house_price
佳年华新生活,在售,底商,温江/花都大道/江安路518号,25000
星岛星时区,在售,商业,金堂/金堂/三星镇学府大道279号,12000
东城国际(崇州),在售,底商,崇州/崇州/江源中路99号,24000
康怡城邦,在售,住宅,崇州/崇州/道明镇白塔湖大道159号,6500
世玺,在售,住宅,新都/新都城区/新繁镇滨江西路北侧,6900
佳兆业丽晶公馆,在售,底商,温江/花都大道/光华大道同兴东路,28000
满座,在售,底商,双流/东升镇/双流东升镇一杆旗北路29号,27000
香月湖,在售,底商,高新/新会展/益州大道中段699号（天府一街与天府二街之间）,53000
隆鑫十里画卷,在售,底商,双流/东升镇/东升镇银河路8号（双流县图书馆旁）,20000
西派城,在售,底商,武侯/簇桥/簇锦街办铁佛村3、8组(武侯大道铁佛段与金履路交汇处),36000
御青城,在售,别墅,都江堰/都江堰/大观镇高尔夫大街369号,15000
西城尚锦,在售,底商,青羊/外光华/光华东三路588号,40000
中港CCPARK,在售,商业类,锦江/东湖/东二环与琉璃路交汇处,15000
同森锦熙,在售,底商,郫都/红光/红光镇广场路（技师学院对面）,25000
同森锦熙,在售,商业,郫都/红光/红光镇广场路（技师学院对面）,35000
兰博中心,在售,商业类,青羊/人民公园/人民南路一段126号,50000
金沙城锦澜阁,在售,商业类,青羊/外金沙/百瑞二路338号,15500
碧桂园中环荟,在售,商业类,成华/八里小区/成华区八里庄路168号,13500
远大聚华天府之南,在售,住宅,天府新区南区/仁寿/213国道天府大道交汇处北100米,13000
融创玖阙府一期,在售,底商,成华/动物园/熊猫大道融创玖阙府一期,26000
源滩国际社区,在售,商业类,成华/理工大/华林一路158号,15000
雄飞新园名都,在售,底商,高新/市一医院/新园大道8号,30000
远洋朗基国宾御府,在售,住宅,金牛/国宾/郫都区犀浦镇金樽三街151号（新里派克公馆对面）,15500
滨江天樾,在售,商业类,天府新区/华阳/益州大道与伏龙北巷交汇处,14500
蓝光coco金沙二期,在售,底商,青羊/外金沙/清源三路169号,27000
卧龙谷壹号,在售,住宅,龙泉驿/大面/东四环・卧龙谷,16200
桂溪欧苑,在售,别墅,郫都/郫县城区/友爱镇平安路6号（成灌高速石家桥出口500米）,12000
和雅嘉御,在售,商业类,高新/芳草/永丰路7号（衣冠庙地铁口B出口）,25000
幸福公社二期,在售,住宅,大邑/大邑/青霞镇分水2组12号,11980
海上海北苑,在售,底商,成华/成渝立交/和美东路221 号,30000
青龙广场,在售,写字楼,成华/动物园/东丽街与东紫路交汇处（动物园东大门）,9800
星岛星时区,在售,住宅,金堂/金堂/三星镇学府大道279号,7000
龙湖小院青城,在售,别墅,都江堰/都江堰/成都市都江堰市青城山镇大三路2号,180
海洋中心,在售,商业类,高新/新会展/天府三街吉泰路588号,18642
港泰通航大厦,在售,商业类,金牛/通惠门/十二桥路29号,32500
香月湖,在售,商业类,高新/新会展/益州大道中段699号（天府一街与天府二街之间）,28000
红树湾,在售,住宅,高新/中和/中和大道二段69号,20000
蜀镇,在售,住宅,双流/蛟龙港/草金路西100米（永康森林公园旁、江安河畔）,12000
成华奥园广场二期,在售,底商,成华/万年场/跳蹬河南路18号,45000
青霞山水卡伦德拉小镇,在售,住宅,大邑/大邑/分水社区1组88号,10000
花样年美年广场,在售,商业类,高新/新会展/天府大道中段1388号,30000
创想大厦,在售,商业类,新都/新都城区/兴城大道1955号,8700
中冶中央公园,在售,底商,郫都/郫县城区/郫筒镇梨园路一段708号,25000
世玺,在售,别墅,新都/新都城区/新繁镇滨江西路北侧,10000
COSMO天廊,在售,商业类,锦江/沙河堡/上沙河铺街66号,25000
蓝光T-max,在售,商业类,双流/航空港/黄河中路二段388号,14000
蓝光青城河谷国际度假区,在售,住宅,都江堰/都江堰/聚青路169号,12000
明宇豪雅青城,在售,住宅,都江堰/都江堰/四川省成都市都江堰市玉堂镇鑫玉大道（铁军路附近）,10000
海上海北苑,在售,商业,成华/成渝立交/和美东路221 号,30000
雄飞新园名都,在售,商业类,高新/市一医院/新园大道8号,9600
双楠港汇广场,在售,底商,武侯/红牌楼/武阳大道二段261号,50000
中铁瑞景汇中心,在售,底商,金牛/五块石/二环与蓉北商贸大道交界处（城北客运站中心对面）,45000
海亮彩悦府,在售,底商,龙泉驿/大面/驿都大道西路中国铁建国际城东100米,17000
黄龙溪谷,在售,别墅,天府新区南区/彭山/剑南大道南延线黄龙大道四段(黄龙古镇旁),1500
星宸国际,在售,写字楼,高新/新会展/益州大道中段555号,14500
佳年华新生活,在售,商业,温江/花都大道/江安路518号,4500
望江名门,在售,商业类,锦江/三官堂/三官堂街与龙舟路交汇处（望江公园、望江楼正对面）,100000
华府幸福城,在售,住宅,龙泉驿/阳光城/阳光城幸福大道333号,10500
未来中心,在售,商业类,成华/猛追湾/一环路内侧与蜀都大道交界处,20800
嘉祥瑞庭南城,在售,商业类,高新/华阳/益州大道中段1918号,17000
青龙广场,在售,商业类,成华/动物园/东丽街与东紫路交汇处（动物园东大门）,10000
华都九龙广场,在售,商业类,新都/毗河/物流大道与蓉都大道交汇处,7500
南城都汇汇彩园,在售,商业,高新/市一医院/汉中路81号,45000
秦皇帝锦,在售,商业,天府新区/麓山/汉州路999号,43300
梦魔方广场,在售,商业类,成华/东客站/中环路锦绣大道段与金马河路交叉口东100米,13000
西宸原著御景,在售,商业类,金牛/茶店子/育仁西路18号,16000
天悦汇,在售,写字楼,金牛/五块石/洞子口路163号,13000
彩叠园1B期,在售,住宅,温江/光华大道沿线/鹏程路801号,20000
花样年家天下,在售,住宅,双流/警院/西航港街道九龙湖九组2000号,14500
富堂金湾,在售,住宅,金堂/金堂/金堂县上正街858号,3950
锦巷兰台,在售,底商,郫都/成外/成都市郫都区犀浦镇金粮路与全兴路交汇处（犀浦东站旁）,30000
华都九龙广场,在售,商业,新都/毗河/蓉都大道南四段,12000
林溪康城,在售,底商,龙泉驿/阳光城/同安街办幸福路99号,35000
青龙广场,在售,底商,成华/动物园/东丽街与东紫路交汇处（动物园东大门）,25000
北京街,在售,商业,天府新区/南湖/华阳街道府河路与南湖路交汇处,37000
华府幸福城,在售,底商,龙泉驿/阳光城/阳光城幸福大道333号,35000
华府幸福城,在售,商业,龙泉驿/阳光城/阳光城幸福大道333号,32000
积家御景,在售,底商,温江/温江新城/南熏大道二段875号（南熏大道和柳林路交汇处）,30000
海上海南苑,在售,底商,成华/成渝立交/和美东路221 号,30000
海上海南苑,在售,商业,成华/成渝立交/和美东路221 号,30000
中鑫海广场,在售,商业类,崇州/崇州/金盆地大道229号,10000
锦悦华庭,在售,住宅,武侯/簇桥/水巷子与簇桥中街交叉口南50米,15800
龙湖梵城,在售,底商,成华/万年场/建工路龙湖梵城,65000
瑞华天地,在售,商业类,双流/警院/剑南大道南段716号,12000
天赋龙庭,在售,商业类,龙泉驿/十陵/龙祥商业街88号,7300
飞大美誉大厦,在售,商业类,青羊/草市街/新华大道文武路飞大美誉大厦,25000
营盛大厦,在售,底商,武侯/高升桥/红牌楼北街31号,50000
乐视界广场,在售,商业类,郫都/犀浦/犀浦泰山北街一号,9000
建发第五大道,在售,商业类,天府新区/麓山/麓山大道二段,8800
明宇南御,在售,商业类,高新/城南宜家/益州大道北段388号,17000
亚特兰蒂斯黄金时代,在售,别墅,新津/新津/天府新城南（成雅高速邓双出口下前行500米处）,700
成华奥园广场三期,在售,商业类,成华/万年场/崔家店路与跳蹬河路交汇处,17500
汇尚城,在售,底商,新都/新都城区/家具大道519号,18000
麓府,在售,住宅,天府新区南区/仁寿/仁寿县中央商务大道中段,12000
金辉悦府,在售,底商,"高新西/高新西/百草路778号, 百草路777号",24000
雄飞生活广场,在售,商业类,龙泉驿/十陵/西河镇成洛大道3199号（九峰国际汽车成附近）,7400
万景九洲天府,在售,住宅,天府新区南区/仁寿/天府大道与中建大道交汇处向西200米,13000
融创香Z台二期,在售,底商,高新/中德/梓州大道与新通大道的交汇处,45000
成都文旅城,在售,底商,都江堰/都江堰/成都市都江堰市青外江大桥与青城山大道交汇处(玉堂LG博爱中学旁),25000
桂湖名城二期,在售,商业类,新都/新都城区/电子路中段144号,9500
协信天骄城,在售,住宅,青白江/青白江/凤凰大道一段198号,7450
半岛云著,在售,住宅,新都/大丰/龙桥镇政府西北方向200米,9850
北大资源燕楠国际,在售,住宅,"双流/蛟龙港/东升镇航都大道与商都路交汇处(陶家院子旁), 航都大街二段756号",13200
成华奥园广场三期,在售,底商,成华/万年场/崔家店路与跳蹬河路交汇处（崔家店路418号）,53000
华都九龙广场,在售,底商,新都/毗河/蓉都大道南四段,28000
西郡兰庭,在售,住宅,郫都/犀浦/校园路129号,10000
国光纳帕谷,在售,别墅,都江堰/都江堰/香雪海路19号,11000
天府大学里,在售,住宅,"天府新区南区/仁寿/兴隆湖南侧视高大学城（成都信息工程大学旁）, 视高镇花海大道一段10号",11000
朗诗尚高大厦,在售,商业类,成华/东郊记忆/建设北路三段70号,14000
中粮天府宸悦,在售,商业类,高新/新会展/益州大道和天府三街交汇口,18500
鹭湖宫13区,在售,底商,温江/国色天乡/四川省成都市温江区白鹭路469号附8号,25000
金地悦澜道,在售,住宅,双流/华府/万顺路二段419号,18500
蓝润城,在售,住宅,双流/双流城区/银河路三段（双流体育中心旁）,11500
滨江樾府,在售,别墅,锦江/蓝谷地/沙河铺街208号,19500
世纪百合锦寓,在售,商业类,武侯/簇桥/武侯大道铁佛段289号,10000
悦天地商厦,在售,商业类,温江/温江新城/柳城街办燎原社区八组新华社区一组区,10000
金太阳江安湖1号,在售,商业,双流/蛟龙港/草金路金太阳江安湖1号,9500
新街里金街,在售,商业,高新/市一医院/成汉中路新街里金街,45000
领地金科m台府,在售,住宅,郫都/红光/郫都区红光镇国宁西路1555号（红光大道西华大学旁）,16250
置富广场,在售,商业类,天府新区/麓山/武汉路与梓州大道交汇处,11000
外滩新天地,在售,住宅,都江堰/都江堰/都江堰青城大桥旁,10000
和雅嘉御,在售,底商,高新/芳草/永丰路7号（衣冠庙地铁口B出口）,80000
国一梦巢,在售,底商,青羊/万家湾/光华大道光华南二路238号（树德中学旁）,49000
蓝光COCO金沙一期,在售,商业,青羊/外金沙/清涟路27号,25000
蓝光COCO金沙一期,在售,底商,青羊/外金沙/清涟路27号,25000
泊里中心,在售,商业类,成华/东客站/成华邛崃山路与迎晖路交汇处,17500
成都后花园四期,在售,商业类,郫都/成外/犀浦镇国宁东路1019号,11000
珑悦锦云花园,在售,住宅,成华/龙潭寺/龙港路369号,18200
朗基香樾府,在售,住宅,新都/大丰/大丰街道先驱大道与大天路交汇处,11650
德商蜜柚,在售,底商,龙泉驿/大面/车城西四路德商蜜柚,29000
龙湖物业滨湖城,在售,住宅,简阳/石桥片区/石盘镇花红大道中段56号,8500
时光荟,在售,商业类,成华/SM广场/建设北路三段378号,13000
锦外中心,在售,商业类,武侯/高升桥/一环路南四段19号,20000
香楠国际,在售,住宅,双流/双流城区/涧槽中街188号,13500
华邑宸熙,在售,住宅,郫都/犀浦/福梓路33号,16000
金龙广场,在售,底商,青白江/青白江/华金大道3段1号金龙广场,21
朗基香颂天府二期,在售,住宅,天府新区南区/仁寿/清水镇天府大道60号,12500
金辉优步花园,在售,住宅,天府新区南区/仁寿/仁寿大道与天府大道交汇处,9700
三都汇潮里,在售,商业类,双流/警院/华府大道二段265号,13000
清河湾,在售,住宅,郫都/郫县城区/友爱镇释迦桥下街158号,17000
凤凰盛景,在售,住宅,青白江/青白江/凤祥大道1699号凤凰盛景,7500
德商蜜柚,在售,商业类,龙泉驿/大面/车城西四路和经开区南一路交汇处,9500
龙湖双珑原著,在售,别墅,新津/牧马山/花源镇青云路155号,12000
乐视界广场,在售,住宅,郫都/犀浦/郫都区犀浦镇泰山北街1号,13500
中南融创玖华台邸,在售,底商,成华/东郊记忆/建设南路50号,50000
美的新城公园天下,在售,住宅,青白江/青白江/凤凰大道一段88号,8400
龙湖梵城,在售,商业类,成华/万年场/建工路龙湖梵城,19000
佳兆业丽晶公馆,在售,商业,温江/花都大道/光华大道同兴东路,28000
汇尚城,在售,商业类,新都/新都城区/家具大道519号,6800
明宇豪雅青城,在售,商业,都江堰/都江堰/四川省成都市都江堰市玉堂镇鑫玉大道（铁军路附近）,12000
棠湖泊林城,在售,商业类,双流/华府/华府大道三段300号,11000
成都鑫苑城,在售,住宅,郫都/郫县城区/望丛中路与蜀信路交汇处,9500
领地天府兰台,在售,住宅,新津/新津/花源镇紫云路兴普大道399号,10800
朗基香颂天府,在售,住宅,天府新区南区/仁寿/视高产业园区清水镇天府大道60号,11750
金龙广场,在售,住宅,青白江/青白江/华金大道3段1号金龙广场,7200
亿城国际,在售,商业类,双流/警院/双流华剑路139号,14500
天府大学里,在售,底商,"天府新区南区/仁寿/兴隆湖南侧视高大学城（成都信息工程大学旁）, 视高镇花海大道一段10号",32500
京汉新城悦隽风华,在售,住宅,简阳/河东新区/雄州大道京汉新城.悦隽风华,105
成信悦城,在售,住宅,天府新区南区/仁寿/花海大道一段11号,13300
融信公馆,在售,住宅,金牛/石人小区/金牛区百寿路18（百寿路与大庆路交汇处）,27000
洲际健康城,在售,商业类,温江/温江大学城/科兴路西段199号,7000
中交牧山美庐,在售,住宅,新津/新津/青云路中交牧山美庐,12000
空港十六区,在售,商业类,双流/航空港/机场路近都段112号,8000
龙湖物业滨湖城,在售,底商,简阳/石桥片区/花红大道龙湖物业滨湖城,22000
龙湖天宸原著,在售,住宅,武侯/簇桥/晋阳路1488号,25000
龙湖天宸原著,在售,商业类,武侯/簇桥/晋阳路1488号,16500
龙湖天宸原著,在售,底商,武侯/簇桥/晋阳路1488号,45000
锦汇城,在售,商业类,温江/国色天乡/公平街办科锦路355号（川农大旁）,7600
圆中大溪地,在售,住宅,天府新区南区/仁寿/天府仁寿大道圆中大溪地,13000
圆中大溪地,在售,商业类,天府新区南区/仁寿/天府仁寿大道圆中大溪地,8650
中铁信托大厦,在售,写字楼,高新/金融城/名都路166号,20000
滨江天樾,在售,别墅,天府新区/华阳/益州大道与伏龙北巷交汇处,19900
优品道锦樾,在售,住宅,都江堰/都江堰/都江堰大道398号,8950
海伦天麓,在售,商业类,天府新区/麓山/万东路466号,9950
德商迎晖天玺,在售,商业,成华/东客站/成华区白龙江路与大巴山路交汇处,50000
合能铂悦华庭,在售,商业类,天府新区/麓山/沈阳路东段合能铂悦华庭,11000
榕晟水岸丽府,在售,住宅,新都/新都城区/清流镇顺河中街38号,5898
新希望锦麟府,在售,住宅,龙泉驿/大面/成都市车城西四路177号,20200
华邑宸居,在售,住宅,郫都/犀浦/校园路东段188号,17000
佳乐国际城四期,在售,底商,新都/毗河/蜀龙大道南段777号,15000
领地溪山m台,在售,住宅,龙泉驿/航天/华信大道998号,19928
悦彩广场,在售,商业类,温江/温江大学城/科兴路东段443号,10000
太行朗诗金沙城,在售,商业,青羊/外金沙/百仁生态区内（三环路西四段）,20000
龙光玖龙府,在售,住宅,新津/新津/花源镇东篱路100号,10356
东原阅墅,在售,住宅,温江/温江大学城/太极大道66号,8600
滨江两岸,在售,商业,郫都/犀浦/犀浦镇犀安路666号,28000
蓝润ISC,在售,写字楼,天府新区/华阳/天府大道与华府大道交汇处,30000
置富广场,在售,商业,天府新区/麓山/梓州大道置富广场,27500
置富广场,在售,底商,天府新区/麓山/梓州大道置富广场,27500
世玺,在售,商业,新都/新都城区/新繁镇滨江西路北侧,13000
棠湖华府公园,在售,商业类,双流/九龙湖/警校路二段669号,8700
上城南苑,在售,住宅,仁寿县/仁寿县/仁寿文林镇富强街126号,8520
德商御Z天骄,在售,商业类,高新/中德/观东三街158号,25000
滨江天樾,在售,底商,天府新区/华阳/益州大道与伏龙北巷交汇处,50000
蓝光芙蓉天府,在售,住宅,天府新区南区/仁寿/仁寿大道蓝光芙蓉天府,9000
郡源山外山,在售,住宅,崇州/崇州/崇州市街子镇三街路368号,13000
中国会馆,在售,住宅,金堂/金堂/金堂县会馆路6号,8000
棠湖泊林城,在售,商业,双流/华府/华府大道三段300号,18500
佳年华广场一期,在售,商业类,成华/东客站/峨眉山路369号,13500
欧郡公馆,在售,商业类,温江/温江老城/柳林路99号,8000
炎华置信花千集,在售,底商,金牛/金牛万达/一环路北二段北站西二路1号,50000
炎华置信花千集,在售,商业类,金牛/金牛万达/一环路北二段9号,18500
世玺,在售,底商,新都/新都城区/新繁镇滨江西路北侧,价格待定
龙湖上城天街广场,在售,商业类,金牛/花牌坊/人民北路一段辅路龙湖上城,18000
龙湖上城天街广场,在售,底商,金牛/花牌坊/人民北路一段辅路龙湖上城,40000
春天里,在售,住宅,新都/新都城区/食品路68号,5500
新城悦隽锦城,在售,住宅,简阳/高铁新区/凯力威大道1号,10000
彩叠园1B期,在售,商业,温江/光华大道沿线/鹏程路801号,24000
锦镇香墅,在售,别墅,双流/东升镇/藏卫路北一段156号,18000
今日田园,在售,别墅,郫都/郫县城区/郫县区友爱镇子云东路98号,14000
恒昌宫保里,在售,商业,崇州/崇州/蜀州中路恒昌宫保里,20000
未来中心,在售,底商,成华/猛追湾/一环路内侧与蜀都大道交界处,50000
中川商贸城,在售,商业,双流/蛟龙港/星空路四段355号,13500
林溪康城,在售,住宅,龙泉驿/阳光城/同安街办幸福路99号,8200
和贵南山上,在售,别墅,天府新区/海洋公园/天府大道南段2859号,14000
大溪地,在售,别墅,郫都/郫县城区/三道堰镇蜀源大道二段2599号（交大立交出城17公里处）,11000
成都文旅城,在售,住宅,都江堰/都江堰/成都市都江堰市青外江大桥与青城山大道交汇处(玉堂LG博爱中学旁),9000
恒大B临阁,在售,商业类,高新/新会展/天府二街269号,22000
和泓麓江府,在售,商业类,天府新区/锦江生态带/正兴镇大安路1458号,27000
永兴.滨湖一号,在售,住宅,天府新区南区/仁寿/天府大道永兴.滨湖一号,9900
峨眉时光,在售,商业类,峨眉山市/峨眉山市/峨山镇温泉大道333号,10000
龙城1号,在售,住宅,仁寿县/仁寿县/仁寿县龙正镇椰江村,4800
凯丽新城,在售,住宅,东坡区/宏远百货/文忠街北延段89号,7800
春熙广场,在售,住宅,东坡区/眉山东站/同运街春熙广场,8800
龙城1号,在售,底商,仁寿县/仁寿县/仁寿县龙正镇椰江村,50
万景M园,在售,住宅,东坡区/宏远百货/阜成路万景M园,9000
北湖春天,在售,住宅,彭山区/彭山区/三段华西路80号,7000
中海名城,在售,住宅,东坡区/宏远百货/南湖公园南侧中海名城,7300
阳光1519云梦洲,在售,住宅,东坡区/岷东新区/苏堤路阳光1519云梦洲,13000
中铁瑞景汇中心,在售,商业类,金牛/五块石/二环与蓉北商贸大道交界处（城北客运站中心对面）,14000
万邦悦城,在售,底商,金堂/金堂/韩滩路46号,20000
和信香榭澜郡,在售,底商,新都/新都城区/新都大道（成都医学院旁）,12000
永兴・一品,在售,住宅,天府新区南区/仁寿/迎宾大道永兴.一品,8250
美的云溪郡,在售,住宅,天府新区南区/仁寿/仁寿大道美的云溪郡,9400
美的云溪郡,在售,别墅,天府新区南区/仁寿/仁寿大道美的云溪郡,220
恒大名城,在售,商业类,温江/温江大学城/凤溪大道778号,12000
朗基香颂天府,在售,底商,天府新区南区/仁寿/仁寿县视高产业园区清水镇天府大道60号,27000
蜀镇尚楠湾,在售,住宅,双流/蛟龙港/九江街道马家寺社区,13280
锦巷兰台,在售,写字楼,郫都/成外/犀浦镇金粮路,6600
王府井绿洲郡,在售,住宅,东坡区/宏远百货/大雅街北二段一号,8500
峨眉见山府,在售,住宅,峨眉山市/峨眉山市/名山南路峨眉见山府,11000
阳光珑悦台,在售,住宅,东坡区/眉山东站/铁环东路阳光珑悦台,8300
复地天府湾,在售,住宅,彭山区/彭山区/剑南大道复地天府湾,8300
南湖世家,在售,住宅,东坡区/宏远百货/滨江大道南湖世家,8900
鹭湖云锦台,在售,住宅,东坡区/宏远百货/东坡区阜成路东段北侧,11000
大城小院,在售,住宅,东坡区/宏远百货/联通路大城小院,7800
观池观天府,在售,住宅,东坡区/岷东新区/富牛大道观池观天府,9000
龙光眉山玖龙府,在售,住宅,东坡区/岷东新区/彭山路龙光眉山玖龙府,8200
东湖郡一期,在售,底商,新都/新都城区/新繁镇文庙街88号,20000
朗基御香,在售,商业,郫都/成外/成灌路与和心路交汇处（后花园对面）,36000
慧生时代广场,未开盘,住宅,龙泉驿/十陵/成洛大道与汽贸大道交汇处（西河镇汽贸大道68号）,5300
东湖郡,在售,底商,新都/新都城区/新繁镇文庙街88号,20000
家园佳居,在售,住宅,仁寿县/仁寿县/仁寿县视高镇奋勇社区景观大道,10250
东城国际(简阳),在售,商业,简阳/河东新区/东城新区东溪,26000
东城国际(简阳),在售,底商,简阳/河东新区/东城新区东溪,26000
三盛都会城,在售,商业,龙泉驿/东山/龙华路东侧三盛都会城,20000
三盛都会城,在售,底商,龙泉驿/东山/龙华路东侧三盛都会城,8000
驿都城,在售,商业,龙泉驿/龙泉驿城区/驿都大道中路900号（龙泉驿世纪广场旁）,36000
雄飞新园紫郡,在售,底商,高新/市一医院/新园大道8号,30000
筑鼎凯旋国际,在售,住宅,雁江区/雁江区/外环路158号,8800
凤凰1号,未开盘,住宅,青白江/青白江/凤凰大道二段888号（凤凰湖公园正对面）,价格待定
青城山居,下期待开,别墅,崇州/崇州/街子古镇大门旁（瑞龙桥南侧）,价格待定
华熙528艺术村,未开盘,住宅,锦江/三圣乡/成龙大道与银木街交汇处（成都七中育才学校三圣分校）,价格待定
滨江和城,未开盘,住宅,天府新区/麓山/麓山大道二段（成都实验外国语西区旁）,价格待定
隆鑫印象东方,未开盘,住宅,成华/成渝立交/东三环凯德广场魅力城店向东500米,价格待定
光华壹号,未开盘,住宅,青羊/万家湾/光华南二路(树德中学对面),价格待定
双楠悦天地,下期待开,住宅,武侯/红牌楼/二环路与武侯大道交汇处(伊藤双楠店南行500米),价格待定
德商御府天骄,未开盘,住宅,天府新区/南湖/华阳街道一心村二、五组，鹤林村四组,价格待定
中德麓府,未开盘,住宅,天府新区/麓山/麓山大道二段（新元素奥迪旗舰店旁）,价格待定
万科理想城,未开盘,住宅,郫都/犀浦/国宁东路与犀安路交汇处,13500
美泉悦府,在售,住宅,武侯/草金立交/武青西一路399号,13000
南湖世纪,在售,住宅,天府新区/南湖/南湖北路121号,13000
家益凤凰富居,未开盘,住宅,新都/大丰/大丰街道甫家一路289号,价格待定
成华奥园广场二期,未开盘,住宅,成华/万年场/跳蹬河南路18号,价格待定
嘉裕第六洲,未开盘,别墅,崇州/崇州/羊马镇崇阳大道2199号(金马湖大桥旁),价格待定
润富国际花园,在售,商业类,高新/金融城/交子大道998号,24500
新鸿基悦城,在售,住宅,天府新区/海洋公园/天府大道南段海昌南路99号,18000
南城都汇汇彩园,未开盘,住宅,高新/市一医院/荟锦路265号,价格待定
复地金融岛,未开盘,住宅,锦江/琉璃场/锦城大道与科华南路交汇处,价格待定
中海九号天地,在售,商业,高新/金融城/交子大道555号,30000
炎华置信花千集,未开盘,住宅,金牛/金牛万达/一环路北二段9号,价格待定
长冶南阳御龙府,在售,商业类,高新/远大/梓州大道4333号,12500
保利天悦,在售,商业类,武侯/火车南站/高攀路36-8号,25000
金山郡,在售,住宅,金堂/金堂/赵镇金山路1号（金堂中学外国语实验学校对面）,6850
阿玛尼艺术公寓,在售,住宅,锦江/莲花/顺江路335号（望江公园和川大旁）,350
实地海棠名著,在售,住宅,青白江/青白江/凤凰西七路28号,9500
和泓东28,在售,商业类,成华/东郊记忆/二仙桥东路46号,11088
凤凰名城,在售,住宅,青白江/青白江/华金大道三段55号（大弯中学旁）,7300
希望未来城,在售,住宅,金堂/金堂/三星镇三星镇学府大道555号（四川天一学院旁）,6300
融创长滩壹号,在售,别墅,双流/文星镇/川大路二段1号（四川大学江安校区旁）,16300
中国铁建广场,在售,写字楼,成华/理工大/新成华大道三段与东华一路交汇口,12800
富豪公馆,在售,住宅,新都/新都城区/兴乐北路600号,12100
太行朗诗金沙城,在售,住宅,青羊/外金沙/百仁生态区内（三环路西四段）,20000
中房芳华美地,在售,住宅,温江/温江大学城/金府路666号,7000
雅居乐富春山居,在售,住宅,天府新区/雅居乐/麓山大道二段19号,19000
合力达卓越南城,在售,住宅,双流/文星镇/空港一路一段189号 （空港一路一段与文星正街交汇处）,11500
成都文旅城,在售,别墅,都江堰/都江堰/成都市都江堰市青外江大桥与青城山大道交汇处(玉堂LG博爱中学旁),16000
远大中央公园,在售,住宅,天府新区/南湖/南湖大道333号,13500
星汇广场,在售,住宅,锦江/盐市口/东御街88号,26000
城北优品道,在售,商业,新都/大丰/北星大道与大天路交汇处(十字路口出城方向右侧）,20000
金河谷五期,在售,别墅,温江/光华大道沿线/涌泉街道江浦路2666号,680
银泰中心,在售,住宅,高新/金融城/天府大道北段1199号（高新国际广场旁）,85000
龙湖时代天街,在售,商业,高新西/高新西/合作路89号,28000
中环壹号大厦,未开盘,商业类,成华/万年场/迎晖路99号,17500
长冶南阳御龙府,未开盘,住宅,高新/远大/梓州大道4333号,价格待定
保利天汇,在售,别墅,金牛/大丰/万石路旁,21000
交大归谷建设派,在售,商业,成华/理工大/二仙桥北路3号,15000
海亮樾金沙,在售,商业,青羊/外金沙/西三环蜀鑫路与清波路交汇处（华润金悦湾对面）,17000
凯德卓锦万黛,未开盘,住宅,龙泉驿/大面/成龙大道二段（川师成龙校区旁）,8700
鑫海天城,未开盘,住宅,邛崃/邛崃/318国道与拱辰路交汇处,11000
银咖SPACE,在售,商业类,金牛/沙湾/金牛营门口路1-9号,14000
力扬时代,未开盘,住宅,大邑/大邑/桃源新城人和街99号,5500
华熙528艺术村锦都,在售,底商,锦江/三圣乡/成龙大道与银木街交界处,50000
西财学府尚郡,在售,住宅,温江/温江大学城/天府街道海科路东段688号,8800
花样年智荟城,在售,商业类,崇州/崇州/永和大道66号,7000
碧桂园中环荟,在售,商业类,成华/八里小区/成华区八里庄路168号,13500
恒大天府半岛,在售,住宅,天府新区/锦江生态带/天府大道南段2618号,12348
泰华锦城,在售,住宅,龙泉驿/大面/大面镇西干道青台山路（龙城一号8号门对面）,9200
华新锦绣尚郡,未开盘,别墅,双流/牧马山/牧马山大件路1089号,价格待定
永立星城都,未开盘,住宅,成华/李家沱/二环路与府青路交汇处（原512建材市场旁）,价格待定
COSMO天廊,未开盘,住宅,锦江/沙河堡/上沙河铺街66号,价格待定
大邑惠山公馆一期,在售,住宅,大邑/大邑/晋原镇大邑县西街95号（原九龙超市旁）,15000
春熙江岸,未开盘,住宅,大邑/大邑/晋原镇桃源大道99号,6500
鹭湖宫13区,未开盘,住宅,温江/国色天乡/四川省成都市温江区白鹭路469号附8号,8000
百悦城plus,在售,住宅,龙泉驿/大面/大面街道金桉路1号,12000
时代锦绣,在售,商业,武侯/簇桥/武侯大道文昌段与新机场路的交汇处（中天物流园旁）,19000
大合仓,在售,写字楼,武侯/武侯立交/星狮路511号,8300
恒大上林苑,未开盘,别墅,新都/保利公园/泰兴镇白鹤岛风景区（新石路与成金青交汇处）,价格待定
瑞居海布斯卡,在售,住宅,青白江/青白江/栖凤街53号,7450
公园1号,在售,商业,郫都/红光/红光镇幸福路北一段81号（思源学校对面）,15000
九龙仓时代上城,未开盘,住宅,双流/华府/剑南大道与牧华路交汇处,12000
青城神韵二期,在售,住宅,崇州/崇州/街子古镇金鱼街1号（青城神韵一期旁）,10000
汇都商贸城,在售,商业类,双流/蛟龙港/双楠大道中段888号（双楠大道与星空路交汇处）,8500
剑桥小镇三期,在售,住宅,蒲江/蒲江/寿安镇迎宾大道88号（寿安中心小学附近）,5600
嘉合凤凰岛,在售,住宅,青白江/青白江/凤凰大道二段765号,9300
瀚城国际,在售,住宅,青白江/青白江/凤凰西六路28号,7250
铂悦郡,未开盘,住宅,郫都/红光/红光镇红光路北一段299号,价格待定
中海外北岛,未开盘,住宅,彭州/彭州/北新大道2599号,5500
宏润达上城,未开盘,住宅,崇州/崇州/世纪大道与东兴路交汇处（唐人街牌坊沿世纪大道向南300米）,价格待定
蝴蝶洲,在售,住宅,青白江/青白江/凤翔大道1266号,7650
锦城南府猫先生,在售,底商,高新/大源/天府三街855号,40000
恒大未来城,在售,住宅,温江/光华大道沿线/温泉大道二段恒大未来城,12000
东原时光道,在售,底商,青羊/万家湾/光华大道东4路78号,40000
鞋都风尚中心,在售,商业,武侯/簇桥/成双大道中段鞋都南二路139号,25000
百悦城plus,在售,底商,龙泉驿/大面/大面街道金桉路1号,25000
东原亲亲里,在售,底商,金牛/国宾/金科西路58号,50000
佳飞国际建材家居市场,在售,商业,青白江/青白江/弥牟镇仁寿路199号,11000
华宇西城雅郡,在售,商业,金牛/高家庄/金科苑东街与金科苑南街交叉口西100米,44000
中国华商交子公馆,在售,写字楼,高新/金融城/金融城交子大道（天府国际金融中心旁）,23000
戛纳湾金棕榈,在售,底商,天府新区/华阳/协和下街588号,45000
蜀镇,在售,底商,双流/蛟龙港/草金路（永康森林公园旁、江安河畔）,20000
锦绣宸府,未开盘,住宅,大邑/大邑/晋原镇甲子路55号,价格待定
鹤鸣青云墅,在售,住宅,大邑/大邑/鹤鸣乡青云街1号,9500
金隅大成珑熙郡,在售,底商,武侯/新双楠/武侯立交聚龙路168号（武侯万达广场旁）,50000
峨眉青庐,在售,别墅,峨眉山市/峨眉山市/峨山镇朝拜路88号,8800
山水峨眉,未开盘,住宅,峨眉山市/峨眉山市/名山路南段26号,价格待定
山水峨眉,在售,别墅,峨眉山市/峨眉山市/名山路南段26号,300
光华瑞廷,未开盘,住宅,温江/温江新城/永兴路1118号（永兴路与柳林路交叉口）,价格待定
美好庄园,在售,别墅,新津/新津/邓双镇芝芝路888号,15000
锦绣尚城,在售,住宅,彭州/彭州/金彭中路355号,6000
上寓,在售,商业类,成华/东郊记忆/二仙桥东路（加油站旁）,12000
恒大上林苑,未开盘,住宅,新都/保利公园/泰兴镇白鹤岛风景区（新石路与成金青交汇处）,7700
中交锦天新城,未开盘,住宅,大邑/大邑/晋原街道元通路与邑新大道交汇处,价格待定
招商依云上城,未开盘,住宅,龙泉驿/十陵/西河镇成洛大道（西南食品城旁）,8500
中铁奥维尔,未开盘,住宅,郫都/郫县城区/梨园路一段528号,价格待定
御龙山二期,未开盘,住宅,成华/万年场/迎晖路6号,价格待定
华都云景台,在售,底商,成华/万年场/杉板桥南五路199号（蓝光东方天地旁）,50000
公园世家,在售,住宅,青白江/青白江/凤凰大道二段699号,7700
优品时代三期,在售,商业类,双流/蛟龙港/白衣上街177号,10500
交大归谷建设派,在售,底商,成华/理工大/二仙桥北路3号,50000
和裕印象,在售,住宅,金堂/金堂/金堂县三星镇天星路559号,6200
三里花城,在售,住宅,双流/双流城区/东升街道宜城大街一段333号,13000
中铁二局玛塞城,在售,底商,成华/八里小区/府青路二段177号,40000
青霞山水卡伦德拉小镇,在售,别墅,大邑/大邑/分水社区1组88号,12000
峨眉山与湖,在售,别墅,峨眉山市/峨眉山市/名山路南段188号,500
青秀未遮山,未开盘,住宅,成华/理工大/新八里庄61号（红星路源点）,价格待定
明信城,在售,住宅,温江/温江大学城/百信路28号,10800
海伦春天,在售,底商,天府新区/南湖/牧华路三段1789号,17000
公园1号,在售,底商,郫都/红光/红光镇幸福路北一段81号（思源学校对面）,35000
三盛都会城,在售,商业类,龙泉驿/东山/龙华路东侧三盛都会城,7500
蔚蓝卡地亚花园城,未开盘,别墅,天府新区/麓湖生态城/正兴镇田家寺村4、5、6组,27241
牧马山牧山湖蔚蓝卡地亚,在售,别墅,双流/牧马山/牧华路一段9号,16000
恒大天府城邦,在售,住宅,新津/新津/普兴镇骑龙村5组,9310
天立世纪华府,未开盘,住宅,彭州/彭州/致和镇西河东路555号,8200
锦城南府猫先生,在售,商业类,高新/大源/剑南大道中段锦城南府,19000
飞大壹号广场,在售,底商,金牛/马鞍路/一环路北三段100号,50000
誉峰三期,在售,商业类,高新/金融城/交子大道333号,20000
大源欢乐颂,在售,商业类,高新/大源/天府三街1599号（天府三街与南华路交汇处）,19000
嘉裕第六洲,在售,住宅,崇州/崇州/羊马镇崇阳大道2199号(金马湖大桥旁),5980
誉府仕家,在售,住宅,青白江/青白江/凤凰大道三段8号（凤凰湖公园正面对面）,8500
保利湖心岛,在售,住宅,新都/保利公园/三环成金青大道狮子湖生态区入口,11000
洲际亚洲湾,在售,底商,温江/光华大道沿线/光华大道三段江浦路288号,30000
银海中心,未开盘,商业类,金牛/马鞍路/一环路北四段108号,19300
万达瑞华中心,在售,写字楼,锦江/盐市口/滨江中路9号,22000
北京街,在售,底商,天府新区/南湖/华阳街道府河路与南湖路交汇处,30000
银海中心,未开盘,底商,金牛/马鞍路/一环路北四段108号,60000
泰业城中城大厦,在售,写字楼,青羊/八宝街/青龙巷36号,15800
龙湖听蓝湾,在售,住宅,新都/大丰/大丰北星大道(方元路与新水碾路交汇处),12293
中粮鸿云,在售,商业,锦江/东大路/汇源北路333号,61900
招商依云上城,在售,底商,龙泉驿/十陵/西河镇成洛大道（西南食品城旁）,25000
昊园江南壹品,在售,底商,龙泉驿/十陵/成洛大道西河地铁口（华新职业学院旁）,14000
龙城国际,在售,底商,郫都/橡树湾/红光镇红高路88号,35000
中铁银杏广场,在售,底商,"郫都/红光/红光镇广场路北三段, 广场路北四段10号",30000
重百汉正广场,在售,底商,郫都/郫县城区/郫筒镇杜鹃路政府旁,30000
东府九座,在售,写字楼,锦江/盐市口/东府街33号,17000
优品道珑苑,未开盘,底商,新都/大丰/新成彭路大天路出口左侧（博雅新城旁）,35000
蜀都万达广场,在售,底商,郫都/郫县万达/望丛东路139号,38000
恒大御景,未开盘,住宅,温江/温江大学城/骑士大道泰迪熊博物馆旁,价格待定
炜岸城二期,未开盘,别墅,龙泉驿/大面/驿都西路3666号,价格待定
千禧河畔C区,在售,底商,温江/花都大道/江安路739号,260
北大资源颐和翡翠府,在售,底商,高新/远大/红星路南延线与应龙路交叉口,40000
大源欢乐颂,在售,底商,高新/大源/天府三街1599号（天府三街与南华路交汇处）,50000
德商御府天骄,在售,底商,天府新区/南湖/华阳街道一心村二、五组，鹤林村四组,30000
中德麓府,在售,底商,天府新区/麓山/麓山大道二段（新元素奥迪旗舰店旁）,30000
凯德世纪名邸,在售,底商,高新/大源/天府一街1333号（高新七中旁）,40000
世豪嘉柏,在售,底商,武侯/草金立交/武科东二路460号,40000
北大资源公园1898,在售,底商,双流/东升镇/西安路四段89号,36000
华润时光里,在售,底商,高新/远大/观东一街666号,15750
海伦印象,在售,底商,天府新区/华阳/华府大道一段(欧尚超市对面）,44000
龙湖紫宸,在售,底商,金牛/花照壁/花照壁街225号,70000
中国西部文化城,在售,底商,温江/光华大道沿线/光华大道三段南侧花土路936号（地铁四号线凤凰大街站旁）,22000
满座,在售,商业,双流/东升镇/双流东升镇一杆旗北路29号,20000
城北优品道,在售,底商,新都/大丰/北星大道与大天路交汇处(十字路口出城方向右侧）,25000
中铁城锦南汇,在售,底商,高新/中德/天府大道南段会龙大道内,36000
中铁奥维尔,在售,底商,郫都/郫县城区/梨园路一段528号,28000
锦汇城,在售,底商,温江/国色天乡/科锦路355号（川农大旁）,25000
我的大学,在售,底商,新都/新都城区/同仁路199号,28000
龙城半岛,在售,底商,郫都/犀浦/华都路169,40000
千禧河畔D区,在售,底商,温江/花都大道/江安路196号,270
华侨城原岸,在售,底商,金牛/华侨城/三环路北一段393号,28000
中心城,在售,底商,龙泉驿/龙泉驿城区/北泉路龙泉二中旁,50000
彩叠园1B期,在售,别墅,温江/光华大道沿线/鹏程路801号,20000
彩叠园1A期,在售,住宅,温江/光华大道沿线/鹏程路1088号,16500
彩叠园二期,未开盘,住宅,温江/光华大道沿线/鹏程路808号,价格待定
彩叠园1A期,在售,别墅,温江/光华大道沿线/鹏程路1088号,17800
朗诗熙华府,在售,商业类,高新/大源/天府二街与荣华北路交汇处,18500
恒大银海湖,在售,住宅,崇州/崇州/崇阳大道100号（羊马湿地公园旁）,8600
尚林幸福城,在售,住宅,青白江/青白江/青白江同华大道以北、凤凰路以西（凤凰湖旁边）,7500
华润公园九里,在售,底商,双流/蛟龙港/星空路四段88号,23000
和信天骄府,在售,底商,新都/新都城区/工业大道西段67号,24600
朗诗熙华府,未开盘,住宅,高新/大源/盛治街777号,17000
中国铁建西派国樾,在售,住宅,双流/华府/华府大道与万顺大道交汇处,18000
碧桂园沁云里,未开盘,住宅,高新/远大/应龙北一路222号,15000
成都后花园蝶院,在售,住宅,郫都/成外/国宁东路1019号,12300
葛洲坝紫郡m园,未开盘,住宅,双流/牧马山/西航港大道中三段888号,15500
恒合时代城,在售,住宅,金堂/金堂/赵镇中兴寺路188号,5000
翡翠锦城,在售,住宅,仁寿县/仁寿县/仁寿文林镇广电街城南街心广场旁,8800
鹭洲城邦,在售,住宅,金堂/金堂/金堂县兴业路558号,5600
绿地新里城,未开盘,住宅,青羊/外光华/光华北六路1号,价格待定
宝信青城,在售,住宅,都江堰/都江堰/都江堰市106省道和聚青路交汇处,70
恒大御府,在售,住宅,新都/新都城区/宝光桂湖文化区新新路560号,9450
时代晶座(高新),在售,底商,高新/大源/剑南大道中段利通时代晶座,50000
SM锦悦,未开盘,住宅,成华/SM广场/二环路东二段29号,价格待定
一里阳光,在售,商业类,郫都/郫县万达/望从东路308号,7800
嘉源红郡,在售,住宅,温江/温江大学城/金马镇清泰路425号,7800
恒大御龙天峰,在售,住宅,龙泉驿/阳光城/龙泉阳光城锦绣路与同安路交汇处,9600
佳乐国际城四期,未开盘,住宅,新都/毗河/三河镇蜀龙路南段777号,10550
东能财富广场,在售,商业类,都江堰/都江堰/彩虹大道南段123号,9500
西蜀桦苑,在售,住宅,仁寿县/仁寿县/视高镇花海大道一段3号,10500
滨江和城,在售,底商,天府新区/麓山/麓山大道二段（成都实验外国语西区旁）,40000
家园佳居,在售,商业,仁寿县/仁寿县/仁寿县视高镇奋勇社区景观大道,17000
家园佳居,在售,底商,仁寿县/仁寿县/仁寿县视高镇奋勇社区景观大道,33000
花样年家天下,在售,商业类,双流/警院/天府五街与江安河交汇处（天府软件园E区以南）,13000
嘉和世纪城,在售,住宅,青白江/青白江/凤凰大道西二段138号,7300
昌建星悦城,未开盘,住宅,彭州/彭州/致和镇南三环路二段288号,7100
正成源筑,未开盘,住宅,都江堰/都江堰/永丰街道办东虹路99号,价格待定
誉峰三期,在售,写字楼,高新/金融城/交子大道333号,19000
金林中心,未开盘,商业类,锦江/琉璃场/经天路1号,价格待定
成华奥园广场一期,在售,商业,"成华/万年场/崔家店路418号, 双电西五路26号",50000
寰宇君汇城,在售,住宅,龙泉驿/东山/菱西路9号,7300
恒大中央广场二期T,下期待开,住宅,成华/新华公园/双林北支路和小龙桥路交汇处,价格待定
成功悦都,在售,底商,成华/八里小区/双建路建行正对面（原双建路79号）,41000
广泽长河郡,在售,底商,青白江/青白江/学苑路456号（大弯中学旁边）,11000
东山领地,在售,商业,龙泉驿/东山/龙泉驿成龙大道与成简快速通道交汇处（芦溪河六国公园旁）,16000
绿林书院,在售,底商,龙泉驿/东山/鲸龙路960号（新龙中对面）,13000
外滩新天地,在售,底商,都江堰/都江堰/青城大桥旁,27000
北大资源紫境府,未开盘,住宅,高新/中德/新川路与中柏大道交汇处,价格待定
成都棕榈泉国际中心,在售,写字楼,高新/新会展/天府大道中段199号,24500
卧龙谷壹号,下期待开,别墅,龙泉驿/大面/东四环・卧龙谷,价格待定
龙域天地,在售,商业类,新都/新都城区/108国道与货运大道交汇处（佳飞建材对面）,7800
小春熙,在售,商业,锦江/盐市口/中新街49号,100000
新希望锦官阁,在售,商业,锦江/沙河堡/静康路与静沙北路交汇处,55000
蓝润东悦荟,在售,底商,成华/东客站/中环路锦绣大道段与嘉陵江路交叉口东南50米,13500
卧龙谷玖号,下期待开,住宅,龙泉驿/大面/大面镇街道公园大道以西（天鹅湖公园旁）,价格待定
卧龙谷玖号,下期待开,别墅,龙泉驿/大面/大面镇街道公园大道以西（天鹅湖公园旁）,价格待定
碧桂园城市花园,在售,商业,金牛/大丰/中铁产业园旁（九道堰北站附近）,26000
壹中心,在售,底商,龙泉驿/龙泉驿城区/北京路138号（南临驿都大道，西临翠龙路）,20000
加洲国际城,未开盘,住宅,东坡区/宏远百货/眉州大道西三段88号,6800
东方银座,在售,住宅,东坡区/宏远百货/一环外新区,6000
英伦蓝岸,未开盘,住宅,东坡区/宏远百货/东坡大道与文安西路交汇处,价格待定
万景中岩广场,在售,住宅,青神县/青神县/振兴路中岩广场,5000
博华新天地,未开盘,住宅,东坡区/宏远百货/多悦镇鑫悦路（镇政府旁）,价格待定
成艺雅居,未开盘,住宅,青神县/青神县/竹艺大道333号,价格待定
万景大雅城,未开盘,住宅,丹棱县/丹棱县/河畔大雅堂广场旁,价格待定
紫胤府,下期待开,住宅,东坡区/宏远百货/东坡岛,价格待定
冠城学府,未开盘,商业,东坡区/宏远百货/岷东新区仁寿大道南段,价格待定
金都华庭,在售,住宅,金堂/金堂/观岭大道东侧（金山公园旁）,5000
悦北天街,在售,商业,东坡区/宏远百货/大雅路(气象局斜对面),价格待定
正成南郡,在售,底商,高新/中德/会龙大道与应龙南一路交汇处,45000
缤纷翡翠湾,未开盘,住宅,新都/大丰/北部商贸城竹韵大道（毗河旁）,9300
我的大学,在售,商业,新都/新都城区/同仁路199号,240
领地环球金融中心,在售,写字楼,高新/新会展/天府二街151号,20000
融创凯旋东岸,在售,商业,新都/大丰/新成彭路大天路出口左侧,14000
太阳公元一期,未开盘,住宅,成华/建设路/建设巷13号,价格待定
剑桥城,在售,商业,绵竹市/绵竹市/绵竹大学城-80000平米鲜花广场旁,38000
蜀都万达广场,在售,商业类,郫都/郫县万达/望丛东路139号,7600
蜀都万达广场,在售,商业,郫都/郫县万达/望丛东路139号,25000
天府欧城,在售,商业类,青白江/青白江/凤凰西七路31号,6500
御龙山一期,在售,住宅,成华/万年场/迎晖路6号,27000
新城悦隽天府,在售,别墅,天府新区南区/仁寿/天府大道南延线奋勇社区景观大道附近,17000
中粮御X湾,在售,别墅,龙泉驿/阳光城/同安镇阳光城阳光大道138号,2500
博雅新城红墙巷,在售,商业,新都/大丰/大丰街道丰安路口（金丰高架出口西侧）,101
新希望锦官阁,在售,底商,锦江/沙河堡/静康路与静沙北路交汇处,55000
新希望锦悦楠庭,在售,底商,武侯/簇桥/武兴路和金江路交汇处,30000
金科博翠天宸,在售,住宅,青白江/青白江/凤祥大道1019号,10500
海伦天麓,未开盘,住宅,天府新区/麓山/海昌南路南侧,价格待定
南湖壹号,未开盘,住宅,东坡区/宏远百货/苏湖路（岷江一桥桥头附近）,价格待定
恒大御景半岛,在售,住宅,金堂/金堂/滨江路二段毗河二桥旁,7600
伊泰天骄,在售,住宅,锦江/攀成钢/通宝街88号,28000
茂业豪园,在售,商业类,锦江/九眼桥/一环路东五段茂业豪园营销中心,29500
新希望大厦,在售,写字楼,武侯/航空路/人民南路四段45号,16500
新城悦隽天府,在售,住宅,天府新区南区/仁寿/视高经济开发区奋勇社区景观大道附近,14000
万科金域缇香二期,在售,底商,新都/毗河/三河街道蓉香中路199号,19500
环球汇天誉,未开盘,商业类,锦江/东大路/东大路318号,价格待定
领地凯旋国际公馆三期,在售,住宅,东坡区/苏辙公园/湖滨路北二段,10000
中国华商交子公馆,在售,商业类,高新/金融城/交子大道33号,50000
交大梦家,在售,商业,成华/万年场/长融东二路,35000
天府欧城,在售,底商,青白江/青白江/凤凰西七路31号,27000
交大梦家,在售,底商,成华/万年场/长融东二路,35000
融创香Z台一期,在售,底商,高新/中德/中和街道观东社区三组、龙灯山社区十一、十二组,45000
保利狮子湖,在售,住宅,新都/保利公园/蜀龙路与熊猫大道交汇处东行300米,12000
金山国际,在售,住宅,金堂/金堂/金堂县赵镇金园街619号,5600
凯德世纪名邸,在售,住宅,高新/大源/天府一街1333号（高新七中旁）,20000
万象云庭,在售,住宅,蒲江/蒲江/鹤山镇工业大道上段3号,6000
首创娇子1号,在售,商业,锦江/卓锦城/南三环娇子立交外侧,40000
雄飞北尚广场,在售,底商,新都/毗河/新都成都北大门川陕路（蓉都大道和兴城大道交界点）,27000
花样年君山,下期待开,别墅,新津/新津/君山路1号,价格待定
西城尚锦,在售,商业,青羊/外光华/光华东三路588号,40000
招商依云上城,在售,商业,龙泉驿/十陵/西河镇成洛大道（西南食品城旁）,30000
峨眉时光,在售,住宅,峨眉山市/峨眉山市/峨山镇温泉大道333号,15000
龙光世纪中心,在售,商业类,成华/理工大/华林三路10号,11000
空港陆号,在售,住宅,双流/航空港/机场路与黄河北路交汇处,11000
成华奥园广场二期,在售,商业,成华/万年场/跳蹬河南路18号,45000
鲁能城二期,在售,底商,成华/万年场/跳蹬河槐树店路26号（成洛大道与中环路交汇处）,45000
恒大曹家巷广场三期,未开盘,商业类,金牛/马鞍路/一环内马鞍东路与府青路交汇处,价格待定
雾山河畔1期,在售,住宅,大邑/大邑/成都市大邑县雾山乡两河口社区7组100号,9000
金牛之心荷花池广场1期,在售,商业类,金牛/金牛万达/北站东一路26号,12800
洪州壹,下期待开,住宅,洪雅县/洪雅县/南岸新区派出所旁,3000
裴城春天,在售,住宅,东坡区/宏远百货/裴城路（蓝色港湾对面）,7200
东坡印象水街,在售,商业,东坡区/宏远百货/颍滨桥头 岷江东湖饭店旁,25000
汇金国际五金机电城,在售,商业,东坡区/宏远百货/诗书路南段399号（味聚特旁）,价格待定
红石美地商业广场,在售,商业,东坡区/宏远百货/岷江大道与学士街交汇处（市劳动保障局旁）,20000
玖荟国际汽车城,在售,商业,东坡区/宏远百货/诗书路S103线与千禾大道交汇处,价格待定
岷东生活广场,在售,商业,东坡区/宏远百货/岷东新区富牛大道,8000
万景九巷十坊,在售,商业,东坡区/宏远百货/眉州大道、岷江大道与通惠河交汇处（苏洵公园内）,价格待定
兰溪江山美墅,在售,别墅,东坡区/宏远百货/东坡岷东新区、富牛路南段以西,20000
龙玺台,在售,别墅,东坡区/宏远百货/东坡岛，老泉桥右转200米,价格待定
观澜城邦,在售,住宅,洪雅县/洪雅县/青衣江南岸,4000
观澜城邦,在售,别墅,洪雅县/洪雅县/青衣江南岸,价格待定
玉屏首府,下期待开,住宅,东坡区/宏远百货/东坡眉山市东坡区阜成路西三段169号,价格待定
雕像国际广场,未开盘,住宅,东坡区/宏远百货/三苏路雕像国际广场,价格待定
得心富桂居,未开盘,住宅,洪雅县/洪雅县/县城东封河路,价格待定
金府玉龙半岛,在售,住宅,东坡区/宏远百货/眉州大道西段（通惠河畔）,6000
东坡里,未开盘,商业,东坡区/宏远百货/老泉桥头,价格待定
雕像国际广场商铺,未开盘,商业,东坡区/宏远百货/三苏路三苏雕像广场东侧,价格待定
万景追梦城,在售,商业,东坡区/宏远百货/下西街与沙彀行交汇处（原东坡区党校）,16000
万景泡菜风情街,在售,商业,东坡区/宏远百货/岷江一桥东侧（泡菜文化广场旁）,8000
金府穿越城,在售,商业,东坡区/宏远百货/东坡岛子瞻大道,20000
领地花屿,在售,住宅,东坡区/宏远百货/青衣街,8800
北城1号,在售,住宅,旌阳区/旌阳区/黄许镇路鹤路,5500
财富未来城,下期待开,住宅,中江县/中江县/中江县中江兴隆镇商业街,3000
山水前城,下期待开,住宅,中江县/中江县/中江县四川省中江县南华镇继光大道西段165路,3450
天悦湾,在售,住宅,旌阳区/旌阳区/旌阳区蓥华山南路与雅河街交汇处,9000
香江国际,下期待开,住宅,中江县/中江县/新继光大桥西侧,价格待定
誉城国际,在售,住宅,罗江县/罗江县/罗江县罗江县大学路59号（天马山警安学院旁）,3400
金鑫花园,下期待开,住宅,旌阳区/旌阳区/旌阳区金江街与云峰山路交汇处,价格待定
奥特莱斯,在售,商业,旌阳区/旌阳区/孝泉镇通站路,价格待定
I派国际家居MALL,未开盘,商业,东坡区/宏远百货/眉州大道西段（经开新区管委会斜对面）,价格待定
世代凯悦二期,未开盘,住宅,东坡区/宏远百货/诗书路北段80号,价格待定
岷江生活广场,未开盘,商业,东坡区/宏远百货/眉州大道与青衣街交叉口东南侧,35000
中鑫半岛龙湾,未开盘,住宅,东坡区/宏远百货/东坡眉州大道与铁环东路交汇处（眉山轻轨车站往北100米）,价格待定
岷南御景,在售,住宅,东坡区/宏远百货/东坡岷东新区水天花月景区西门,5000
滨江翡翠城,未开盘,住宅,彭山区/彭山区/灵石东路39号,7000
锦绣汇金天地,下期待开,住宅,仁寿县/仁寿县/仁寿商务大道,价格待定
锦绣汇金天地,下期待开,商业类,仁寿县/仁寿县/仁寿商务大道,价格待定
望族1881,下期待开,住宅,东坡区/宏远百货/岷江大道与同运南路交汇处,价格待定
巴登 森林海国际度假区,未开盘,商业类,洪雅县/洪雅县/柳江古镇玉屏山,价格待定
格林城,在售,住宅,双流/双流城区/长顺大道一段（长顺家园旁）,14500
炎华置信花千集,在售,商业,金牛/金牛万达/一环路北二段9号,30000
荔园悦享花醍,在售,住宅,郫都/橡树湾/红光镇银润路437号,12000
远大聚华天府南庭,在售,住宅,天府新区南区/仁寿/仁寿县视高大学城花海大道1号,16500
雄飞生活广场,在售,底商,龙泉驿/十陵/西河镇成洛大道3199号（九峰国际汽车成附近）,25000
金马湖壹号,在售,别墅,温江/温江大学城/金马国际体育城（金马湖畔）,10500
仁恒滨河湾,未开盘,住宅,锦江/东大路/汇源东路88号,价格待定
瑞升橄榄山,在售,别墅,双流/牧马山/胜利镇燕杨路2号（维也纳森林别墅旁）,13000
中海外北岛,在售,别墅,彭州/彭州/北新大道2599号,8000
天悦龙栖台,未开盘,住宅,龙泉驿/龙泉驿城区/龙都北路533号,价格待定
南滨国际,在售,别墅,中江县/中江县/凯江镇朝阳南路（南塔公园侧小东河旁）,6100
滨江华府三期观天下,下期待开,住宅,罗江县/罗江县/罗江县罗江万安大道（县医院旁）,3600
滨丽雅郡,下期待开,住宅,中江县/中江县/中江县中江县南华镇幸福路138号,3300
金乐上源名城,在售,住宅,罗江县/罗江县/万安南路东侧,4000
金山国际,未开盘,住宅,罗江县/罗江县/罗江县罗江县金山镇工业开发区西昌路,2200
锦绣尚城,下期待开,住宅,罗江县/罗江县/罗江县罗江县外北街,3370
骏逸天下,下期待开,住宅,中江县/中江县/中江县飞天桥头西侧,价格待定
蓝湾半岛二期,下期待开,住宅,中江县/中江县/中江县凯北新城,3600
紫金阳光城二期,在售,住宅,中江县/中江县/中江县中江县西江南路298号（原凯西路）,5200
恒大国际家居广场,在售,商业,旌阳区/旌阳区/旌阳区长江西路铁路下穿桥西头,9500
呈邦摩根时代,在售,商业类,旌阳区/旌阳区/嘉陵江西路（四川建院旁）,8000
恒大首府,在售,住宅,广汉市/广汉市/城北新区北京大道与西安路交汇处,6999
首创娇子1号,在售,底商,锦江/卓锦城/南三环娇子立交外侧,45000
乐天圣苑,在售,底商,锦江/东大路/通源街588号,74000
金雁麦丁小城,在售,商业,广汉市/广汉市/汉口路与大件路交汇处,14000
城南壹号,在售,住宅,中江县/中江县/南华镇狮子山大道298号,6000
乐天圣苑,在售,商业,锦江/东大路/通源街588号,70000
黑龙滩长岛国际旅游度假区,在售,别墅,仁寿县/仁寿县/黑龙滩公园大道1号,17000
融创玖樾台邸,未开盘,住宅,锦江/三圣乡/三圣花乡银木街与茶花街交汇处,价格待定
陇海三郎旅游度假区,下期待开,别墅,崇州/崇州/三郎凤鸣村88号,价格待定
凯信高新大厦,在售,写字楼,旌阳区/旌阳区/峨眉山路与沱江路交汇处,5700
西部国际商贸城,下期待开,商业,旌阳区/旌阳区/经济开发区渤海路东段三号,价格待定
德阳万达广场,在售,住宅,旌阳区/旌阳区/旌阳区德阳市青衣江路与庐山北路交会处,8000
康华玫瑰园,在售,住宅,罗江县/罗江县/罗江县万安镇西街口与麓峰南路交汇处,5000
每日美寓,下期待开,住宅,中江县/中江县/中江县中江凯北新城北栽塔南北干道（新城北中学正对面）,3300
同创金色明天,在售,住宅,旌阳区/旌阳区/新火车站以西（银山北路与澜沧江西路交汇处）,5530
铜锣湾,下期待开,住宅,罗江县/罗江县/罗江县绵竹市安顺路与南京大道交汇处,价格待定
万嘉国际社区,下期待开,住宅,旌阳区/旌阳区/旌阳区泰山路南路三段与渠江街交汇处,4500
阳晨秀水湾,在售,住宅,罗江县/罗江县/城北新区（汽车站对面）,3500
中央绿洲,下期待开,住宅,旌阳区/旌阳区/旌阳区德阳泰山南路二段（麦德龙旁）,8000
中粮原山,在售,别墅,崇州/崇州/街子镇街安路,价格待定
悦府,未开盘,别墅,邛崃/邛崃/文君街办凌云街279号,9500
有美巷子,在售,商业,邛崃/邛崃/临邛镇南街324号,25000
高宇南湾,在售,住宅,邛崃/邛崃/河滨路北侧文南路东侧,7500
唐人街相府花园,未开盘,住宅,崇州/崇州/唐安东路与世纪大道交汇处（成温邛高速崇州站下直行1千米）,8000
青禾名都,在售,住宅,大邑/大邑/雪山大道二段598号,5940
世茂城三期,在售,住宅,龙泉驿/大面/龙泉驿天鹅西湖南路6号（成龙大道和天鹅西湖南路交汇处）,14200
保利天汇,在售,别墅,金牛/大丰/万石路旁,21000
金雁欢乐水岸,在售,住宅,广汉市/广汉市/广汉市韶山路5段69号,8500
海伦春天,在售,商业,天府新区/南湖/牧华路三段1789号,22000
泰达格调青城岚田,在售,商业类,都江堰/都江堰/106省道泰达格调青城岚田(青城山站对面),11000
中南上熙府熙悦,在售,住宅,温江/光华大道沿线/花明路129号,16500
绿地新城新里桃溪川,未开盘,住宅,龙泉驿/阳光城/幸福大道绿地新城新里桃溪川,10500
海航中国集锦润青城,在售,别墅,都江堰/都江堰/都江堰市翠月湖镇灌温路与聚青线交叉口西南处,150
蓝光长岛国际社区五期,在售,住宅,双流/草金立交/九江街道通江社区,13500
锦城悦庭,在售,住宅,高新/中和/康和西一街199号,14664
德福国际中心,在售,商业类,天府新区南区/仁寿/视高镇北街186号,7000
听湖九园,在售,住宅,青白江/青白江/凤凰东二路99号,7800
万科翡翠公园,在售,商业类,天府新区/南湖/锦江生态带以西，剑南大道以东,13000
铁投祥瑞里,下期待开,住宅,市中区/市中区/太白路863号（高铁站公交总站对面）,8400
万达・天Z,在售,住宅,市中区/市中区/文星后街329号,7200
领地天屿,在售,住宅,市中区/市中区/通江片区翰林路与凤凰路交汇处凤凰路北段896号,6500
中南海棠集,在售,住宅,金牛/大丰/天龙大道382号,13800
万科时光润园,在售,住宅,郫都/红光/红光大道与广场路交汇处,13500
七一森林城市花园,在售,住宅,新都/新都城区/新泰东路71号,12300
华宇旭辉锦绣广场,在售,商业类,"成华/龙潭寺/牛龙路口, 华宇旭辉锦绣广场",11000
中建天府公馆,下期待开,住宅,高新/中德/观东二街中建天府公馆,价格待定
爱在城南,未开盘,住宅,高新/中德/红星路南延线与新川大道交汇处,14950
都江懿府,在售,住宅,都江堰/都江堰/都江堰堰华路87号（公园大道一号旁）,8600
翡翠滨江,未开盘,住宅,邛崃/邛崃/河滨路北侧文南路西侧翡翠湾,价格待定
新城悦隽天骄,在售,住宅,天府新区南区/彭山/新城悦隽天骄,12000
海伦天麓,未开盘,别墅,天府新区/麓山/海昌南路南侧,价格待定
华润时光里,下期待开,商业,高新/远大/观东一街666号,30000
华润置地自在域,在售,商业类,锦江/三圣乡/成龙大道西段与喜树街交汇处,12290
南城星汇,未开盘,住宅,崇州/崇州/崇庆南路366号,价格待定
花样年智荟城,在售,住宅,崇州/崇州/永和大道66号,8500
碧桂园沁云里,未开盘,商业类,高新/远大/应龙北一路222号,价格待定
18°森林,在售,住宅,市中区/市中区/市中区至乐路,7400
春华阳光里,在售,住宅,市中区/市中区/市中区春华路中段249号,6200
领地青江m台,在售,住宅,市中区/市中区/市中区太白路1065号,6800
云鼎,在售,商业类,温江/温江新城/柳城街办海川路2号,12000
品润金樽府,未开盘,住宅,温江/国色天乡/春江路与团结渠东二路交汇处,价格待定
万科时代之光,在售,住宅,青白江/青白江/凤祥大道2段万科时代之光,11000
华熙528艺术村锦都,在售,底商,锦江/三圣乡/成龙大道与银木街交界处,50000
华熙528艺术村盈都,在售,底商,锦江/三圣乡/成龙大道与银木街交汇处,55000
弘创名座,在售,商业类,成华/东客站/白龙江路6号,16500
雅居乐剑桥郡,在售,住宅,天府新区/雅居乐/麓山大道二段19号,9200
翡翠积家,未开盘,住宅,都江堰/都江堰/彩虹大道南段1025号,价格待定
辰兴锦城国际,未开盘,住宅,彭州/彭州/泰安北路777号,5600
凯德世纪名邸,在售,商业,高新/大源/天府一街1333号（高新七中旁）,50000
金雁・欧城联邦,在售,住宅,广汉市/广汉市/韶山路五段56号,7000
融创玖阙府二期,在售,底商,成华/动物园/石岭路融创玖阙府二期,35000
成都合院公园里,未开盘,住宅,高新西/高新西/西源大道1311号,价格待定
新力琥珀园,在售,住宅,成华/理工大/民兴北二路新力琥珀园,14000
阳光城半山悦,在售,住宅,天府新区/海洋公园/麓山大道381号(麓山大道入口处左侧),11355
华宇旭辉锦绣广场,在售,底商,"成华/龙潭寺/牛龙路口, 华宇旭辉锦绣广场",35000
鹭湖宫10区,在售,住宅,温江/国色天乡/江宁南路88号,10000
华润东原时光绘,在售,商业类,锦江/琉璃场/三色路华润・东原・时光绘,14000
东原印长江,未开盘,住宅,武侯/红牌楼/永顺街165号,价格待定
中梁华府,在售,住宅,东坡区/宏远百货/文忠街北延段256号,7300
绿地国际花都星逸,下期待开,写字楼,郫都/郫县城区/郫都区创智东二路68号,10000
铁投牧山溪岸,下期待开,住宅,新津/新津/柳河路铁投牧山溪岸,价格待定
炎华置信上林开府,在售,住宅,温江/温江老城/云溪路515、518号,11000
佳兆业悦府,在售,住宅,青白江/青白江/凤祥大道佳兆业悦府,7500
蓝光公园锦汇,下期待开,住宅,青白江/青白江/凤凰西二路蓝光公园锦汇,价格待定
首钢蓉城里,下期待开,住宅,成华/SM广场/湖秀二路66号,价格待定
圣沅红星城市广场,在售,商业类,郫都/成外/犀浦镇国宁东路1019号,11000
和信中心,在售,商业类,新都/新都城区/天香南路366号,14000
德益金龙郡,在售,住宅,新都/大丰/龙桥镇紫金路68号,9800
联邦财富中心,在售,底商,武侯/草金立交/武科东四路18号,20000
西财学府尚郡,在售,住宅,温江/温江大学城/天府街道海科路东段688号,8800
汇恒青楠里,在售,商业类,双流/蛟龙港/双楠大道中段188号,9600
新城金樾府邸,在售,住宅,新津/新津/老码头二期旁,9453
金茂悦龙山,未开盘,商业类,龙泉驿/大面/车城西五路99号,8000
金雁欢乐水岸,在售,底商,广汉市/广汉市/广汉市韶山路5段69号,19000
北大资源紫境东来,未开盘,别墅,龙泉驿/龙泉驿城区/桃都大道中段766号,13800
蓝光观岭国际社区翡翠湾,在售,住宅,金堂/金堂/观岭大道1188号,6700
金科博翠府,未开盘,住宅,武侯/新双楠/西三环路一段与西三环路一段出口交叉口西150米,27000
陇海三郎旅游度假区,下期待开,住宅,崇州/崇州/三郎凤鸣村88号,价格待定
碧桂园锦熙府,下期待开,住宅,郫都/成外/郫都区金牛大道与国宁东路交汇处（犀浦东站旁）,价格待定
银咖SPACE,在售,商业类,金牛/沙湾/金牛营门口路1-9号,14000
保利天空之城,在售,别墅,天府新区/麓山/兴隆街道罗家店村八组201号,18500
宸光和悦,在售,别墅,高新/广都/雅和街（地铁1号线广都站C口）,30000
蓝润广场,下期待开,商业类,武侯/簇桥/武侯成双大道蓝润广场,价格待定
当代中德璞誉,在售,商业类,武侯/新双楠/武侯大道顺江段200号,19000
电建地产吃糜府,下期待开,住宅,龙泉驿/龙泉驿城区/兴业大道198号,价格待定
远大聚华天府南庭,在售,底商,天府新区南区/仁寿/仁寿县视高大学城花海大道1号,19000
龙湖时代新宸,在售,商业类,高新西/高新西/合作路89号,8500
远大聚华天府南庭,在售,商业,天府新区南区/仁寿/仁寿县视高大学城花海大道1号,22500
兴旺久居福,在售,住宅,彭山区/彭山区/蔡山东路46号,7200
鲁能城,下期待开,住宅,成华/万年场/成洛大道与中环路交汇处,价格待定
保利中央峰景,在售,别墅,大邑/大邑/雪山大道777号,10000
天羽揽月轩,在售,底商,金牛/花照壁/花照壁上横街469号,40000
优山禧悦,未开盘,住宅,锦江/沙河堡/岷山路123号,16000
首创花与城二期,在售,底商,成华/动物园/荆竹东路与东荆路交汇处,44000
新希望D10天府,在售,商业类,"锦江/九眼桥/地铁2号线牛王庙站B出口旁（国土局锦江分局斜对面）, 锦东路新希望D10天府",200
南峰水岸华府,未开盘,住宅,都江堰/都江堰/永安大道南三段369号,价格待定
景茂誉府,在售,商业,双流/蛟龙港/金河路景茂誉府,25000
花样年龙年中心,在售,商业类,郫都/郫县城区/郫花路299号（郫花路与关柏路交汇处）,12000
天和睿城,在售,住宅,青白江/青白江/红阳路天和睿城,7300
新城悦隽盛世,在售,住宅,青白江/青白江/大同路（钱江凤凰城旁）,10800
翰林首府,在售,住宅,崇州/崇州/江源中路翰林首府,12000
旭辉金科棠府,在售,住宅,双流/双流城区/银河路六段8号,17000
麓湖生态城,未开盘,住宅,天府新区/麓湖生态城/天府大道南一段918号,22800
新希望D10天府,下期待开,住宅,锦江/九眼桥/地铁2号线牛王庙站B出口旁（国土局锦江分局斜对面）,价格待定
德商迎晖天玺,未开盘,住宅,成华/东客站/迎晖路德商迎晖天玺,23500
万科天荟,下期待开,住宅,成华/东郊记忆/杉板桥路（东郊记忆旁）,价格待定
中南融创玖华台邸,下期待开,住宅,成华/东郊记忆/建设南路50号,价格待定
世茂璀璨天城,在售,住宅,龙泉驿/大面/成龙大道二段世茂璀璨天城,12700
宸光和悦,在售,住宅,高新/广都/雅和街宸光和悦,17600
中交牧山美庐,下期待开,别墅,新津/新津/新津县花源镇花源镇青云路1111号,价格待定
碧桂园天玺湾,在售,住宅,邛崃/邛崃/凤凰大道与邛窑大道交汇处,9000
优品美地,在售,商业类,大邑/大邑/潘家街三段1号（甲子路和潘家街交汇处）,7500
建工梧桐屿,在售,住宅,青白江/青白江/青白江凤祥大道建工梧桐屿,7600
花样年看今朝,未开盘,住宅,新津/新津/新津县团结岛五河路88号旁,13000
天和绣水岸,下期待开,住宅,青白江/青白江/大东街天和绣水岸,价格待定
保利天汇,在售,住宅,金牛/大丰/万石路旁,13994
悦荟时代广场,在售,底商,青白江/青白江/华金大道三段66号,18000
隆鑫印象东方,在售,商业,成华/成渝立交/东三环凯德广场魅力城店向东500米,45000
金科领地博翠粼湖,在售,住宅,双流/东升镇/金河路1351号,19000
天和悦城,未开盘,住宅,青白江/青白江/凤凰大道北侧天河悦城,6600
碧桂园天玺湾,在售,别墅,邛崃/邛崃/凤凰大道碧桂园天玺湾,9000
隆腾蜀州府,在售,住宅,崇州/崇州/江源南路558号,8000
建发第五大道,下期待开,商业,天府新区/麓山/麓山大道二段,价格待定
龙湖天宸原著,下期待开,别墅,武侯/簇桥/晋阳路1488号,价格待定
泰合国际金融中心,下期待开,商业类,高新/大源/天府三街619号,价格待定
保利天玺,在售,住宅,金牛/华侨城/金丰路保利天玺,15000
山楂树,在售,商业类,龙泉驿/龙泉驿城区/翠龙街138号,9000
德商御Z天骄,下期待开,住宅,高新/中德/梓州大道红星路南延线与关东街交汇处,价格待定
中海云麓世家,在售,住宅,双流/双流城区/协和街道和顺路二段55号,18000
中国青城国际颐养中心,在售,住宅,崇州/崇州/天顺村三街路南侧,11000
置信丽都府,在售,住宅,彭州/彭州/致和镇协和大道258号,7700
春熙江岸商铺,在售,商业,大邑/大邑/大邑县桃源大道99号,40000
保利都汇小户,在售,写字楼,新都/新都城区/金牛区北新大道与大天路交汇处,9000
丹郡兰庭,在售,商业,彭州/彭州/繁江南路来寿路12号,23000
蔚蓝卡地亚云墅,在售,别墅,郫都/郫县城区/郫花路888号,14000
置信仙林谷乡,在售,住宅,彭州/彭州/龙门山镇国坪村,8000
雍锦澜湾,在售,住宅,蒲江/蒲江/鹤山镇梁江村,8300
铁投牧山溪岸,下期待开,别墅,新津/新津/花源镇杨柳河畔（杨柳河东侧、花源镇柳河苑5期南侧）,价格待定
当代中德璞誉,下期待开,住宅,武侯/新双楠/武侯大道顺江段200号,价格待定
俊发滨河俊园,下期待开,别墅,新都/新都城区/新都新繁镇滨江西路北侧（新繁幼儿园旁）,价格待定
融创玖阙府南苑,在售,别墅,成华/动物园/白莲池街道办事处一里塘社区4、5、6、7组,14700
世纪城梦想派,在售,商业类,高新/新会展/世纪城会展中心198号,15000
幸福东方白桦林,下期待开,住宅,龙泉驿/十陵/成洛大道5632号,价格待定
蓉海东悦华府二期,未开盘,住宅,新都/保利公园/石板滩镇老城区东风西街（石板滩镇政府旁）,5800
北辰天麓御府,下期待开,住宅,双流/蛟龙港/港都路与航园路交叉口西北150米（双流万达旁）,价格待定
峨眉长岛,在售,住宅,峨眉山市/峨眉山市/佛光东路928号,7000
天来汇景,在售,底商,温江/光华大道沿线/涌泉镇（街办）鹏程路99号,48000
航港大院,在售,住宅,双流/航空港/西航港街道长江路三段11号,11000
银河谷,在售,住宅,彭州/彭州/龙门山镇宝山村（银厂沟大景区范围内）,7200
彭州紫光兴城,未开盘,住宅,彭州/彭州/三圣北路35号（彭州市行政中心后）,价格待定
青城神韵二期,在售,别墅,崇州/崇州/金鱼街1号,12000
招商大魔方,在售,商业类,高新/神仙树/锦城大道与天府大道交汇处（锦江旁）,26000
Class9玖霄,在售,写字楼,金牛/九里堤/一环内马鞍东路与红星路交汇处,22000
蜀涛英伦半岛,未开盘,住宅,邛崃/邛崃/滨江路下段169号,价格待定
天府金融港,下期待开,住宅,天府新区/麓山/天府新区天府大道视高段,13700
铂悦府,未开盘,商业,成华/驷马桥/驷马桥路11号,价格待定
西部北斗星墅,在售,商业类,金牛/九里堤/成都市金牛区天龙大道1333号,13000
招商中央华城商铺,在售,底商,成华/建设路/成都市成华区杉板桥路601号,40000
新城金樾华府,下期待开,住宅,邛崃/邛崃/拱辰路南侧,价格待定
新城金樾世家,下期待开,住宅,邛崃/邛崃/拱辰路北侧、北坛街东侧,价格待定
紫悦府,未开盘,住宅,蒲江/蒲江/清江大道,价格待定
保利林语溪商铺,未开盘,商业,成华/龙潭寺/龙港路与华盛路交汇处,价格待定
青城里国际旅游度假养生综合项目,下期待开,别墅,都江堰/都江堰/药王路与川西旅游线交叉口,价格待定
华润置地九里润街,在售,商业,双流/航空港/九江街道星空路四段88号,8800
隆鑫公园首府,未开盘,住宅,新津/新津/兴园三路36号,价格待定
中南融创玖华台商铺,未开盘,商业,成华/建设路/建设南路50号,57500
龙之梦鹏瑞利新城,下期待开,商业,成华/东客站/邛崃山路中段（东客站东广场斜对面）,价格待定
新力翡翠湾,下期待开,住宅,青白江/青白江/红阳大道与同华大道交汇处,价格待定
成都润恒城,下期待开,商业,崇州/崇州/光华大道和羊安路交汇处,价格待定
中海云麓世家,下期待开,别墅,双流/东升镇/协和街道和顺路二段55号,价格待定
中铁骑士府邸,在售,商业,双流/东升镇/协和街道剑南大道2266号（南湖公园旁）,14000
山水华府,在售,住宅,大邑/大邑/滨江东路北二段136号（斜江河畔，静惠山旁）,7000
美的澜桥郡,下期待开,住宅,青白江/青白江/中国・成都・国际铁路港旁（北自贸区香岛大道）,价格待定
星悦时光,下期待开,商业类,郫都/犀浦/郫都区犀浦镇成灌路与金粮路交汇处,价格待定
朗诗未来家商业,在售,商业,郫都/红光/广场路北三段68号,价格待定
坤力柳河左岸商铺,在售,商业,彭州/彭州/西海北路（苗苗幼儿园旁）,8000
嘉裕第六洲观澜云邸,在售,住宅,崇州/崇州/崇州市羊马镇羊安北路237号,5980
珠江悦湖国际,在售,商业类,温江/珠江新城/光华大道三段地铁4号线光华公园站G2出口,8500
信和一号汇,在售,住宅,东坡区/眉山东站/杭州路219号,9500
弘阳都江府,在售,住宅,都江堰/都江堰/都江堰市天府大道296（天府大道与彩虹大道交汇处 ）,11000
美好家园,在售,住宅,双流/航空港/机场路181号,11000
海航中国集锦润青城,在售,住宅,"都江堰/都江堰/聚青路,近玉沿线",7000
绿地T7空港国际中心,在售,商业类,双流/东升镇/西航港大道二段788号,13000
中海锦江壹号,未开盘,住宅,天府新区/南湖/锦江西路6号,价格待定
都江之春,在售,别墅,都江堰/都江堰/观景路（金叶宾馆旁）,6800
养和山居一期,在售,住宅,大邑/大邑/平阳街1号,6500
棠湖清江花语,在售,住宅,青白江/青白江/同金街366号,7000
弘创名座,未开盘,底商,成华/东客站/白龙江路6号,价格待定
西城壹号,下期待开,写字楼,青羊/西南财大/清江中路1号,价格待定
弘阳都江府,下期待开,别墅,都江堰/都江堰/都江堰市天府大道296号（天府大道与彩虹大道交汇处）,价格待定
博雅城市广场,在售,写字楼,高新/中和/雅和北二路和新裕路交汇处,40000
万科金域缇香三期,在售,住宅,新都/新都城区/[ 新都 - 三河场 ] 地铁3号线三河场站,11000
万科保利翡翠和悦,未开盘,住宅,天府新区/南湖/剑南大道万科保利翡翠和悦,价格待定
远洋栖棠,在售,住宅,崇州/崇州/羊安路远洋栖棠,9000
smart度假汤屋,在售,商业类,峨眉山市/峨眉山市/温泉大道1号,13000
华润龙湾御府,下期待开,别墅,金牛/天回镇/金牛区聚业路天回镇街道（北星大道旁）,11800
金楠缤纷,在售,商业类,武侯/武侯立交/中华名园簇锦街道办旁顺兴路369号,20000
龙湖听蓝时光,下期待开,商业类,新都/大丰/方营路龙湖听蓝时光,9900
华侨城天屿,未开盘,别墅,金牛/九里堤/北三环路一段333号,价格待定
汇厦香悦云庭,在售,住宅,温江/花都大道/花都大道东段66号,9000
瀚城新天地,在售,住宅,青白江/青白江/学苑路218号,7400
汇祥华楠半岛,在售,别墅,新津/新津/花源镇花源大道169号,价格待定
置信牧山丽景,在售,别墅,新津/新津/丽景路3号,13412
北辰南湖香麓,未开盘,别墅,天府新区/南湖/锦江路与美岸路交汇处,价格待定
碧桂园陵江府,在售,住宅,天府新区南区/仁寿/仁寿大道碧桂园陵江府,10500
华景川万悦城,在售,住宅,广汉市/广汉市/广汉市金虎路（青什路金虎小区路口向西200米),6300
百郦锦城,下期待开,住宅,新都/毗河/工业大道东段308号,价格待定
蜀郡清上居,下期待开,住宅,郫都/郫县城区/平安路蜀郡清上居,价格待定
天府孔雀城,下期待开,住宅,蒲江/蒲江/成都市成雅高速寿安路口,价格待定
京蓉时代,下期待开,写字楼,金牛/九里堤/二环北路三段108号,价格待定
花样年江山,下期待开,住宅,青白江/青白江/华金大道四段花样年江山,价格待定
西街上院,在售,住宅,青白江/青白江/金渊路81号,6300
物华天域阁,未开盘,住宅,成华/建设路/成都理工大学旁,价格待定
春熙悦州商铺,下期待开,商业,彭州/彭州/天彭镇秀城路北段,价格待定
紫光兴城,未开盘,住宅,彭州/彭州/三圣北路35号（彭州市行政中心后）,价格待定
金房大榕湾LOFT,在售,写字楼,高新/神仙树/金融城交子大道北50米（石室天府中学旁）,价格待定
天府金茂悦,在售,住宅,金堂/金堂/金鹰路以西（恒大御景半岛对面）,11200
新鸿之心,下期待开,商业,成华/猛追湾/一环路与成华大道新鸿路交汇处,价格待定
新景Z街里,下期待开,商业,高新/中和/中柏大道88号,价格待定
贵通御苑心悦城,在售,商业类,双流/航空港/九江街道文楠路172号,9000
青城365南苑,在售,住宅,都江堰/都江堰/芒城大道98号,7400
诚园,在售,住宅,双流/东升镇/万顺路与华府大道交汇处,19900
天升时代大厦,在售,写字楼,新都/新都城区/成都市新都区泰兴镇成青金快速通道北侧（成都一镇对面）,价格待定
枫尚云锦,在售,住宅,都江堰/都江堰/安金路179号,8000
仁美熙和府,下期待开,住宅,高新/中和/高新区剑南大道与天府四街交汇处,价格待定
金融街金悦府,下期待开,住宅,新津/新津/新津县希望路166号,价格待定
俊豪小区,在售,住宅,双流/文星镇/长城路西街28号,12000
佳乐云锦,下期待开,住宅,金牛/五块石/金牛王贾路（红星美凯龙对面）,价格待定
鲜花优活居,在售,商业,新都/新都城区/新都大道（西南石油大学旁）,20000
桃李春风,在售,别墅,峨眉山市/峨眉山市/温泉大道1号,55000
金楠缤纷,在售,底商,武侯/武侯立交/中华名园簇锦街道办旁顺兴路369号,35000
雅居乐锦城,在售,住宅,新津/新津/新津县五津镇希望东路199号,11600
碧桂园十里源墅,在售,别墅,温江/芙蓉古城/永宁镇宁泰路99号,18000
佳兆业金域都荟,在售,住宅,彭州/彭州/餮粽虺傻麓蟮烙氡鹾幽下仿房谝阅400米,6000
中铁诺德壹号YoHo街,在售,商业,天府新区/麓山/兴隆湖湖畔路南段,22500
成都国际医药港西蜀南岸,在售,写字楼,彭州/彭州/成都彭州天桂路777号,6500
蔚蓝郡,在售,住宅,广汉市/广汉市/天津路西二段66号,6300
电建地产吃苗,下期待开,住宅,金牛/国宾/金粮路338号,价格待定
华侨城尔雅小院,下期待开,别墅,龙泉驿/龙泉驿城区/洛带三峨街999号,价格待定
桐梓林7号,下期待开,住宅,武侯/红牌楼/新希望路7号,25000
汇丽汀香,在售,底商,锦江/静居寺/锦华路一段69号,22000
永立星城都,在售,底商,成华/李家沱/二环路与府青路交汇处（原512建材市场旁）,60000
三星・融锦城,在售,住宅,广汉市/广汉市/台北路东一段66号,6500
来福士广场T5,在售,写字楼,武侯/红牌楼/人民南路四段3号,45000
成发紫悦府,未开盘,住宅,成华/新华公园/水碾河路1号,价格待定
朗基香颂天府,在售,别墅,天府新区/麓山/视高四川通用航空职业学院旁,价格待定
天府孔雀城,下期待开,别墅,蒲江/蒲江/成都市成雅高速寿安路口,价格待定
品润金樽府商业,下期待开,商业,温江/温江老城/公平街道春江路与团结渠东二路交汇处,价格待定
锦丰首席,在售,住宅,龙泉驿/阳光城/同安镇阳光大道99号,8300
国宾总部基地,在售,写字楼,金牛/国宾/金科东路50号,8000
奥园玖俪湾,未开盘,住宅,新都/大丰/中利路奥园玖俪湾,9500
锦悦府,在售,住宅,东坡区/眉山东站/铁环路太行瑞宏锦悦府,6500
蓝光长岛国际社区七期,在售,住宅,双流/蛟龙港/・统力大道永康森林公园旁,13700
蓝海中心,在售,写字楼,金牛/茶店子/迎宾大道旁振兴路与振兴东一路交汇处,8300
世茂茂立方广场,在售,商业类,成华/万年场/和顺西一路9号,9400
合能枫丹西悦,在售,住宅,温江/国色天乡/温江区公平镇春江路(成都市农林科学院旁),8600
万科Z南堂,未开盘,住宅,高新/中和/中胜路万科Z南堂,21000
棕榈湖国际社区,未开盘,住宅,金堂/金堂/三星镇棕榈湖路104号(北河二桥旁),价格待定
泰康博观,在售,住宅,金堂/金堂/朝阳街555号,6300
华夏上海城,在售,住宅,金堂/金堂/赵镇金西路51号（十里坝核心区）,5378
花样年大溪谷,在售,住宅,蒲江/蒲江/顺城路88号1号会所(她他咖啡旁边,6500
保利石象湖小镇,在售,别墅,蒲江/蒲江/保利石象湖生态风景区（成雅高速86KM处石象湖收费站出口）,13000
经典西悦城,在售,住宅,崇州/崇州/崇阳大道经典西悦城,5697
中铁城温江阅湖和庭,未开盘,住宅,温江/温江大学城/金石路中铁城温江阅湖和庭,价格待定
中铁天宏康郡,未开盘,住宅,郫都/郫县城区/郫筒镇红杨路168号,价格待定
合谊乐湖,未开盘,别墅,龙泉驿/十陵/蜀王大道南段888号,价格待定
融创玖阙府,在售,别墅,成华/龙潭寺/熊猫大道蓝润蓝客城以东300米,价格待定
东环晓院,未开盘,住宅,邛崃/邛崃/临邛镇学子路18号,7500
北星城,未开盘,别墅,"金牛/九里堤/天龙大道,近天音路",价格待定
新景Z誉府,下期待开,住宅,高新/中和/中柏大道中段,价格待定
世豪金河谷,在售,别墅,温江/草堂/七星街191号,22000
乡林涵碧天下,下期待开,住宅,金牛/九里堤/凤林四路（凤凰小学对面）,价格待定
瑞华天地,下期待开,住宅,双流/警院/剑南大道南段716号,价格待定
花水湾国际度假区,在售,别墅,大邑/大邑/王山南路135号,10500
中国电建青云阶,在售,别墅,"都江堰/都江堰/聚青路,近青城山段",8500
林肯郡,在售,住宅,大邑/大邑/滨河路东段88号,5200
重百汉正广场,在售,商业类,郫都/郫县城区/郫都区郫筒镇杜鹃路46号,8500
建发中央湾区,在售,住宅,天府新区/锦江生态带/武汉路西段1533号,12300
福星惠誉青城府,在售,别墅,都江堰/都江堰/鑫玉大道426号（成都万达城旁）,13000
琪达・花园里,在售,住宅,广汉市/广汉市/台北路东一段75号,6800
西部国际珠宝中心,在售,写字楼,金牛/营门口/成都市金牛区蜀汉西路52号（蜀西路与金周路交汇处）,7500
佳源生活广场,在售,商业类,温江/温江大学城/学府路南段268号,价格待定
新城瑞升悦隽西江,在售,住宅,崇州/崇州/崇阳街道怡然街188号,11800
君悦濠庭,下期待开,住宅,彭州/彭州/新都南部新城林荫大街与塞纳湖旁交汇处,价格待定
成都ICC写字楼,下期待开,写字楼,锦江/九眼桥/东大路二环路外沙河畔东大路328号,价格待定
万科君逸,下期待开,住宅,天府新区/东升镇/瑞祥路768号,价格待定
万科君逸,在售,别墅,天府新区/东升镇/祥鹤四街,30000
万科公园传奇,下期待开,住宅,天府新区/麓山/梓州大道与庐山大道交汇处,价格待定
入帘青,下期待开,住宅,新都/新都城区/大丰街道蓉北大道（成彭路与华美路交汇处）,价格待定
雅居乐剑桥郡,在售,底商,天府新区/雅居乐/麓山大道二段19号,9000
雅居乐剑桥郡,在售,商业,天府新区/雅居乐/麓山大道二段19号,9000
金茂府,在售,住宅,武侯/草金立交/铁佛工业区二路,30000
金科集美学府,在售,住宅,双流/东升镇/迎春路241号,15000
花样年家天下,在售,底商,双流/警院/天府五街与江安河交汇处（天府软件园E区以南）,30000
幸福东方白桦林,在售,商业类,龙泉驿/十陵/成洛大道5632号,6700
成都ICC天峻,下期待开,住宅,锦江/九眼桥/东大路328号,价格待定
王府花园御锦苑,下期待开,住宅,双流/东升镇/三强西路237号,价格待定
峨眉璞园,在售,住宅,峨眉山市/峨眉山市/温泉大道峨眉璞园,7500
恒大望江华府,下期待开,别墅,锦江/沙河堡/东大路下沙河铺街和大凉山路交界处（塔子山公园旁）,价格待定
合谊乐湖,在售,商业类,龙泉驿/十陵/十陵街道蜀王大道南段888号,12600
龙腾东麓城,下期待开,商业类,龙泉驿/东山/龙华大道256号,价格待定
青城上院,在售,住宅,都江堰/都江堰/街子古镇金鱼街158号（街子古镇入口旁）,9000
迎宾大道8号,在售,写字楼,金牛/国宾/迎宾大道8号（金牛宾馆旁）,10000
中海御公馆,下期待开,商业类,龙泉驿/十陵/蜀王大道北段中海御公馆,价格待定
银座城市中心,在售,商业,广汉市/广汉市/中山大道银座城市中心,16000
杜鹃城千万间,在售,别墅,郫都/郫县城区/安德镇彭温路203号,9000
蓝湾公馆,下期待开,住宅,新都/大丰/成彭路蓝湾公馆,价格待定
恒大锦城,下期待开,别墅,成华/龙潭寺/东三环路东一段桂林西路18号（龙潭路与桂林西路交汇处200米）,价格待定
美的B御府,在售,住宅,市中区/市中区/通江万达旁（杨山路与文星后街交汇处）,7200
卓锦曼购中心,在售,商业,锦江/三圣乡/枫树街2号,30000
中德英伦联邦D区,未开盘,住宅,高新/中德/观东二街59号,16000
华宇旭辉锦绣花城,在售,别墅,成华/龙潭寺/龙潭立交外路桂林西路（龙潭路与桂林西路交汇处）,19200
奥园天骄,下期待开,住宅,双流/警院/锦江路四段(四川文化产业职业学院旁),价格待定
置信逸都城,下期待开,住宅,温江/芙蓉古城/芙蓉大道300号,价格待定
天骄鑫街,在售,商业,新都/新都城区/新都南二路北侧党校旁,价格待定
新鸥鹏教育小镇,在售,住宅,广汉市/广汉市/德阳市高新区滨湖路88号,7200
北京城建龙樾湾,在售,别墅,"双流/蛟龙港/双楠大道银河路160号（双流运动公园旁）, 银河路一段160号",15000
城投美庐,下期待开,住宅,青白江/青白江/成都市青白江区华逸中路,价格待定
保利中央公园,在售,住宅,大邑/大邑/雪山大道777号,5000
成都文儒德,未开盘,别墅,高新/神仙树/近慈路66号,1600
浩圆名商天下,在售,商业,新都/新都城区/新都绕城高速与成金青快速通道交汇处（中国塑料城旁）,25000
香江全球家居CBD核心馆,在售,商业,新都/新都城区/繁川家具大道南段278号,15000
中国四川贵达茶都,在售,商业,新都/新都城区/万石路与新竹大道交汇处,16000
郡源山外山,在售,别墅,崇州/崇州/崇州市街子古镇瑞龙桥旁,13000
蜀尚雅筑,未开盘,商业,新都/新都城区/东环路147号,价格待定
德商迎晖天玺,在售,底商,成华/东客站/白龙江路与大巴山路交汇处,50000
花样年智荟城,在售,商业类,崇州/崇州/永和大道66号,7000
中电瑞成轩,下期待开,住宅,成华/建设路/建祥路9号,价格待定
华润置地悦玺,下期待开,住宅,成华/万年场/双成二路33号万象城旁,价格待定
明豪澜庭,在售,住宅,都江堰/都江堰/都江堰上阳街477号（蒲阳河畔对面）,5300
华润置地・琨瑜府,下期待开,住宅,新都/大丰/北星大道华润置地・琨瑜府,价格待定
北大资源紫境东来,在售,住宅,龙泉驿/龙泉驿城区/桃都大道中段766号,13800
家益凤凰富居,在售,商业,新都/新都城区/大丰镇大丰街道甫家一路289号,10000
砚湖,在售,住宅,大邑/大邑/安仁镇迎宾路1号,10000
悦荟时代广场,在售,商业类,青白江/青白江/华金大道三段66号,6000
中节能世纪中心,未开盘,住宅,蒲江/蒲江/顺城路中节能世纪中心央座西区,价格待定
万科金色乐府商铺,在售,商业,成华/建设路/东郊记忆旁杉板桥路,40000
新派客,在售,商业类,新都/新都城区/蓉都大道南二段133号,9000
天府万科云城,在售,商业类,天府新区/麓山/湖畔路南段818号（天府新区规划馆旁）,16500
左岸名都,未开盘,住宅,龙泉驿/十陵/西江大道555号,7800
葛洲坝紫郡m园,在售,别墅,双流/航空港/西航港大道888号(文星花园斜对面),16000
滨江彼岸,在售,住宅,郫都/犀浦/犀安路与沱江路交汇处,12500
金安花苑,未开盘,住宅,郫都/郫县城区/安德镇彭温路248号（活水公园旁）,4800
新华创客居,在售,住宅,成华/万年场/崔家店路731号,14500
保利堂悦府,在售,住宅,金堂/金堂/金鹰路保利堂悦府,8300
秦皇帝锦,下期待开,住宅,天府新区/麓山/汉州路999号,价格待定
融信澜天,在售,住宅,新津/新津/谷底湖南三路,10000
朗诗未来街区,下期待开,住宅,金堂/金堂/金堂县金凤路与金泉路交汇处,价格待定
青龙国际建材装饰城,在售,商业,青白江/青白江/青白江大道2666号,8500
保利星荟,在售,商业类,高新/大源/盛源街700号,16500
中交国际中心,在售,写字楼,天府新区/麓山/正兴镇秦皇寺村五组,价格待定
远洋朗基香汇,在售,商业,青羊/万家湾/光华南一路255号,45000
绿地中心468星曜,未开盘,商业,锦江/三圣乡/芙蓉西路468（地铁二号线洪河站）,价格待定
圣沅红星城市广场,在售,住宅,郫都/成外/郫都区犀浦镇国宁东路991号,12400
大邑金融中心,未开盘,住宅,大邑/大邑/晋原镇内蒙古大道51号,价格待定
港中旅海泉湾,下期待开,别墅,金堂/金堂/官仓镇白马湖旁,价格待定
中节能琅园,在售,住宅,金堂/金堂/赵镇金鹰路,价格待定
